name, charge, molecular_mass
Na, +1, 22.989218
Cl, -1, 34.969402
K,  +1, 38.963158
NH4, +1, 18.033823
