name, molecular mass
NaCOOH, 67.98744
HCOOH, 46.00547
CF3COOH, 113.992863872
NH3, 17.02655
